safeName,item,itemLabel,deaths,starttime,endtime,pointintime
WorldWarII,http://www.wikidata.org/entity/Q362,World War II,73000000,1939-09-01T00:00:00Z,1945-09-02T00:00:00Z,
WorldWarI,http://www.wikidata.org/entity/Q361,World War I,17000000,1914-07-28T00:00:00Z,1918-11-11T00:00:00Z,
VietnamWar,http://www.wikidata.org/entity/Q8740,Vietnam War,4211459,1965-11-01T00:00:00Z,1975-04-30T00:00:00Z,
WaroftheTripleAlliance,http://www.wikidata.org/entity/Q58947,War of the Triple Alliance,1000000,1864-12-27T00:00:00Z,1870-03-01T00:00:00Z,
GenocideagainsttheTutsis,http://www.wikidata.org/entity/Q131297,Genocide against the Tutsis,1000000,1994-04-07T00:00:00Z,1994-07-17T00:00:00Z,
SecondItalo-EthiopianWar,http://www.wikidata.org/entity/Q94916,Second Italo-Ethiopian War,275000,1935-10-03T00:00:00Z,1936-05-01T00:00:00Z,
BattleofOkinawa,http://www.wikidata.org/entity/Q192660,Battle of Okinawa,200656,1945-04-01T00:00:00Z,1945-06-23T00:00:00Z,
BattleofBerlin,http://www.wikidata.org/entity/Q154182,Battle of Berlin,200000,1945-04-16T00:00:00Z,1945-05-02T00:00:00Z,
LaViolencia,http://www.wikidata.org/entity/Q185407,La Violencia,200000,1949-12-06T00:00:00Z,1958-01-01T00:00:00Z,
SriLankanCivilWar,http://www.wikidata.org/entity/Q213394,Sri Lankan Civil War,100000,1983-07-23T00:00:00Z,2009-05-18T00:00:00Z,
LithuanianWarsofIndependence,http://www.wikidata.org/entity/Q2742886,Lithuanian Wars of Independence,38000,1918-12-01T00:00:00Z,1919-08-01T00:00:00Z,
BombingofHamburginWorldWarII,http://www.wikidata.org/entity/Q316868,Bombing of Hamburg in World War II,34000,1939-09-11T00:00:00Z,1945-04-14T00:00:00Z,
BombingofDresdeninWorldWarII,http://www.wikidata.org/entity/Q152142,Bombing of Dresden in World War II,25000,1945-02-13T00:00:00Z,1945-02-15T00:00:00Z,
massacreatBéziers,http://www.wikidata.org/entity/Q941312,massacre at Béziers,20000,1209-07-29T00:00:00Z,1209-07-29T00:00:00Z,
Khostrebellion(1924–1925),http://www.wikidata.org/entity/Q6402599,Khost rebellion (1924–1925),14000,1924-03-01T00:00:00Z,1925-01-30T00:00:00Z,
Mexican–AmericanWar,http://www.wikidata.org/entity/Q6683,Mexican–American War,11733,1846-04-24T00:00:00Z,1848-02-02T00:00:00Z,
consolidationoftheIranianRevolution,http://www.wikidata.org/entity/Q5163326,consolidation of the Iranian Revolution,10000,1979-02-14T00:00:00Z,1983-12-01T00:00:00Z,
BattleofGenaleDoria,http://www.wikidata.org/entity/Q4871088,Battle of Genale Doria,9000,1936-01-12T00:00:00Z,1936-01-20T00:00:00Z,
BattleofLützen(1632),http://www.wikidata.org/entity/Q167259,Battle of Lützen (1632),8400,1632-11-16T00:00:00Z,1632-11-16T00:00:00Z,
BoshinWar,http://www.wikidata.org/entity/Q309184,Boshin War,8200,1868-01-27T00:00:00Z,1869-06-27T00:00:00Z,
1984Anti-SikhGenocide,http://www.wikidata.org/entity/Q3504310,1984 Anti-Sikh Genocide,8000,1984-10-31T00:00:00Z,1984-11-03T00:00:00Z,
NorthernMaliconflict,http://www.wikidata.org/entity/Q2946372,Northern Mali conflict,7000,2012-01-16T00:00:00Z,2015-02-20T00:00:00Z,
BattleofAmbaAradam,http://www.wikidata.org/entity/Q2887840,Battle of Amba Aradam,6000,1936-02-10T00:00:00Z,1936-02-19T00:00:00Z,
Casamanceconflict,http://www.wikidata.org/entity/Q209965,Casamance conflict,5000,1982-01-01T00:00:00Z,2014-05-01T00:00:00Z,
TheTroubles,http://www.wikidata.org/entity/Q815436,The Troubles,3532,1960-01-01T00:00:00Z,1998-01-01T00:00:00Z,
LisbonMassacre,http://www.wikidata.org/entity/Q60830,Lisbon Massacre,2500,1506-04-19T00:00:00Z,1506-05-01T00:00:00Z,
2014Israel–Gazaconflict,http://www.wikidata.org/entity/Q17324420,2014 Israel–Gaza conflict,2205,2014-07-08T00:00:00Z,2014-08-26T00:00:00Z,
AdenEmergency,http://www.wikidata.org/entity/Q3299864,Aden Emergency,2096,1963-10-14T00:00:00Z,1967-11-30T00:00:00Z,
2011Yemenirevolution,http://www.wikidata.org/entity/Q210005,2011 Yemeni revolution,2000,2011-01-27T00:00:00Z,2012-02-27T00:00:00Z,
2006LebanonWar,http://www.wikidata.org/entity/Q49104,2006 Lebanon War,1191,2006-07-12T00:00:00Z,2006-08-14T00:00:00Z,
RomanianRevolution,http://www.wikidata.org/entity/Q204213,Romanian Revolution,1104,1989-12-16T00:00:00Z,1989-12-27T00:00:00Z,
FalklandsWar,http://www.wikidata.org/entity/Q48249,Falklands War,891,1982-04-02T00:00:00Z,1982-06-14T00:00:00Z,
BattleofWakeIsland,http://www.wikidata.org/entity/Q1141380,Battle of Wake Island,820,1941-12-08T00:00:00Z,1941-12-23T00:00:00Z,
BattleofLakeKhasan,http://www.wikidata.org/entity/Q697579,Battle of Lake Khasan,792,1938-07-29T00:00:00Z,1938-08-11T00:00:00Z,
Maiduguribattle,http://www.wikidata.org/entity/Q15282537,Maiduguri battle,700,2009-07-27T00:00:00Z,2009-07-30T00:00:00Z,
BombingofHajdúböszörményintheWWII,http://www.wikidata.org/entity/Q21182913,Bombing of Hajdúböszörmény in the WWII,423,1944-08-12T00:00:00Z,1944-08-21T00:00:00Z,
BattleofLabuan,http://www.wikidata.org/entity/Q18920234,Battle of Labuan,423,1945-06-10T00:00:00Z,1945-06-21T00:00:00Z,
SiegeofYorktown,http://www.wikidata.org/entity/Q459447,Siege of Yorktown,397,1781-09-28T00:00:00Z,1781-10-19T00:00:00Z,
AppenzellWars,http://www.wikidata.org/entity/Q455747,Appenzell Wars,350,1401-01-01T00:00:00Z,1429-01-01T00:00:00Z,
FrenchRevolutionof1848,http://www.wikidata.org/entity/Q622774,French Revolution of 1848,350,1848-02-22T00:00:00Z,1848-12-02T00:00:00Z,
TulsaMassacre,http://www.wikidata.org/entity/Q1824714,Tulsa Massacre,300,1921-05-31T00:00:00Z,1921-06-01T00:00:00Z,
ExeterBlitz,http://www.wikidata.org/entity/Q18354410,Exeter Blitz,265,1942-04-23T00:00:00Z,1942-05-04T00:00:00Z,
Russo-GeorgianWar,http://www.wikidata.org/entity/Q620735,Russo-Georgian War,229,2008-08-07T00:00:00Z,2008-08-12T00:00:00Z,
bombardmentofPortoSantoStefano,http://www.wikidata.org/entity/Q24941215,bombardment of Porto Santo Stefano,165,1943-12-08T00:00:00Z,1944-06-07T00:00:00Z,
DakotaWarof1862,http://www.wikidata.org/entity/Q1851858,Dakota War of 1862,150,1862-08-17T00:00:00Z,1862-12-26T00:00:00Z,
BattleofPrachuabKhirikhan,http://www.wikidata.org/entity/Q1280169,Battle of Prachuab Khirikhan,115,1941-12-08T00:00:00Z,1941-12-09T00:00:00Z,
2014Ukrainianrevolution,http://www.wikidata.org/entity/Q15733401,2014 Ukrainian revolution,106,2014-02-18T00:00:00Z,2014-02-23T00:00:00Z,
BlackDeath,http://www.wikidata.org/entity/Q42005,Black Death,200000000,1347-01-01T00:00:00Z,1353-01-01T00:00:00Z,
PlagueofJustinian,http://www.wikidata.org/entity/Q821711,Plague of Justinian,50000000,0541-01-01T00:00:00Z,0544-01-01T00:00:00Z,
1918-1920flupandemic,http://www.wikidata.org/entity/Q178275,1918-1920 flu pandemic,50000000,1918-10-01T00:00:00Z,1920-12-01T00:00:00Z,
GreatChineseFamine,http://www.wikidata.org/entity/Q2454958,Great Chinese Famine,45000000,1959-01-01T00:00:00Z,1961-01-01T00:00:00Z,
Sovietfamineof1932–1933,http://www.wikidata.org/entity/Q2497254,Soviet famine of 1932–1933,5000000,1932-01-01T00:00:00Z,1933-01-01T00:00:00Z,
BlackDeathinEngland,http://www.wikidata.org/entity/Q4920638,Black Death in England,3750000,1348-06-01T00:00:00Z,1349-12-01T00:00:00Z,
NorthKoreanfamine,http://www.wikidata.org/entity/Q698323,North Korean famine,3500000,1994-01-01T00:00:00Z,1998-01-01T00:00:00Z,
ItalianPlagueof1629-1631,http://www.wikidata.org/entity/Q3307987,Italian Plague of 1629-1631,3000000,1625-01-01T00:00:00Z,1627-01-01T00:00:00Z,
asianflu1957–1958,http://www.wikidata.org/entity/Q1434550,asian flu 1957–1958,2000000,1956-01-01T00:00:00Z,1958-01-01T00:00:00Z,
1968flupandemic,http://www.wikidata.org/entity/Q1069785,1968 flu pandemic,1000000,1968-07-13T00:00:00Z,1969-01-01T00:00:00Z,
1889–90flupandemic,http://www.wikidata.org/entity/Q10658304,1889–90 flu pandemic,1000000,1889-10-01T00:00:00Z,1890-12-01T00:00:00Z,
2009swineflupandemic,http://www.wikidata.org/entity/Q101452,2009 swine flu pandemic,575400,2009-02-01T00:00:00Z,2010-08-10T00:00:00Z,
1970Bholacyclone,http://www.wikidata.org/entity/Q245551,1970 Bhola cyclone,500000,1970-11-03T00:00:00Z,1970-11-13T00:00:00Z,
Q61082084,http://www.wikidata.org/entity/Q61082084,Q61082084,300000,1916-01-01T00:00:00Z,1918-01-01T00:00:00Z,
Q24547886,http://www.wikidata.org/entity/Q24547886,Q24547886,197069,1830-01-01T00:00:00Z,1831-01-01T00:00:00Z,
GreatPlagueofLondon,http://www.wikidata.org/entity/Q917048,Great Plague of London,100000,1665-01-01T00:00:00Z,1666-01-01T00:00:00Z,
GreatFireofMeireki,http://www.wikidata.org/entity/Q1336847,Great Fire of Meireki,100000,1657-03-02T00:00:00Z,1657-03-05T00:00:00Z,
St.Lucia'sflood,http://www.wikidata.org/entity/Q493534,St. Lucia's flood,50000,1287-12-20T00:00:00Z,1287-12-21T00:00:00Z,
Yōwafamine,http://www.wikidata.org/entity/Q11666822,Yōwa famine,42300,1181-01-01T00:00:00Z,1181-01-01T00:00:00Z,
1883eruptionofKrakatoa,http://www.wikidata.org/entity/Q8094772,1883 eruption of Krakatoa,36417,1883-05-01T00:00:00Z,1883-08-26T00:00:00Z,
Q1149975,http://www.wikidata.org/entity/Q1149975,Q1149975,36000,1412-11-30T00:00:00Z,1412-11-30T00:00:00Z,
1902eruptionofMountPelée,http://www.wikidata.org/entity/Q386230,1902 eruption of Mount Pelée,30000,1902-04-23T00:00:00Z,1905-10-05T00:00:00Z,
1974smallpoxepidemicinIndia,http://www.wikidata.org/entity/Q4576372,1974 smallpox epidemic in India,15000,1974-01-01T00:00:00Z,1974-05-01T00:00:00Z,
Christmasfloodof1717,http://www.wikidata.org/entity/Q499799,Christmas flood of 1717,14000,1717-12-24T00:00:00Z,1717-12-25T00:00:00Z,
Burchardiflood,http://www.wikidata.org/entity/Q6740,Burchardi flood,11500,1634-10-11T00:00:00Z,1634-10-12T00:00:00Z,
2010–2012Haiticholeraoutbreak,http://www.wikidata.org/entity/Q1075913,2010–2012 Haiti cholera outbreak,10300,2010-10-01T00:00:00Z,2019-01-01T00:00:00Z,
Finnishfamineof1866–1868,http://www.wikidata.org/entity/Q1558846,Finnish famine of 1866–1868,10000,1867-01-01T00:00:00Z,1869-01-01T00:00:00Z,
YellowFeverEpidemicof1793,http://www.wikidata.org/entity/Q8051732,Yellow Fever Epidemic of 1793,5000,1793-08-01T00:00:00Z,1793-11-01T00:00:00Z,
HurricaneMaria,http://www.wikidata.org/entity/Q40178187,Hurricane Maria,4645,2017-09-16T00:00:00Z,2017-10-02T00:00:00Z,
2008Zimbabweancholeraoutbreak,http://www.wikidata.org/entity/Q153678,2008 Zimbabwean cholera outbreak,4293,2008-08-01T00:00:00Z,2009-07-01T00:00:00Z,
1928Okeechobeehurricane,http://www.wikidata.org/entity/Q206392,1928 Okeechobee hurricane,4078,1928-09-06T00:00:00Z,1928-09-21T00:00:00Z,
CaroleanDeathMarch,http://www.wikidata.org/entity/Q481236,Carolean Death March,3900,1719-01-08T00:00:00Z,1719-01-16T00:00:00Z,
2010Chinafloods,http://www.wikidata.org/entity/Q2741550,2010 China floods,3189,2010-05-10T00:00:00Z,2010-09-01T00:00:00Z,
Q84571338,http://www.wikidata.org/entity/Q84571338,Q84571338,2600,1578-06-01T00:00:00Z,1578-12-01T00:00:00Z,
1931Belizehurricane,http://www.wikidata.org/entity/Q206476,1931 Belize hurricane,2500,1931-09-06T00:00:00Z,1931-09-13T00:00:00Z,
1831Barbadoshurricane,http://www.wikidata.org/entity/Q4554344,1831 Barbados hurricane,2500,1831-01-01T00:00:00Z,1831-08-17T00:00:00Z,
JohnstownFlood,http://www.wikidata.org/entity/Q691404,Johnstown Flood,2209,1889-05-31T00:00:00Z,1889-05-31T00:00:00Z,
GreatFireofHakodate,http://www.wikidata.org/entity/Q10843852,Great Fire of Hakodate,2166,1934-03-21T00:00:00Z,1934-03-22T00:00:00Z,
May2004Caribbeanfloods,http://www.wikidata.org/entity/Q6796315,May 2004 Caribbean floods,2000,2004-05-18T00:00:00Z,2004-05-25T00:00:00Z,
1990AndhraPradeshcyclone,http://www.wikidata.org/entity/Q491827,1990 Andhra Pradesh cyclone,967,1990-05-04T00:00:00Z,1990-05-10T00:00:00Z,
HurricaneGeorges,http://www.wikidata.org/entity/Q3243975,Hurricane Georges,827,1998-09-15T00:00:00Z,1998-10-01T00:00:00Z,
2002–2004SARSoutbreak,http://www.wikidata.org/entity/Q834456,2002–2004 SARS outbreak,774,2002-11-16T00:00:00Z,2004-05-19T00:00:00Z,
August8Flood,http://www.wikidata.org/entity/Q707405,August 8 Flood,681,2009-08-06T00:00:00Z,2009-08-10T00:00:00Z,
1854BroadStreetcholeraoutbreak,http://www.wikidata.org/entity/Q2035019,1854 Broad Street cholera outbreak,616,1854-08-31T00:00:00Z,t1856173980,
HurricaneMatthew,http://www.wikidata.org/entity/Q27058656,Hurricane Matthew,603,2016-09-28T00:00:00Z,2016-10-10T00:00:00Z,
CycloneIdai,http://www.wikidata.org/entity/Q62023294,Cyclone Idai,558,2019-03-04T00:00:00Z,2019-03-21T00:00:00Z,
1924–25Minnesotasmallpoxepidemic,http://www.wikidata.org/entity/Q83222062,1924–25 Minnesota smallpox epidemic,500,1924-01-01T00:00:00Z,1925-01-01T00:00:00Z,
2009flupandemicinCanada,http://www.wikidata.org/entity/Q3111601,2009 flu pandemic in Canada,429,2009-04-26T00:00:00Z,2010-01-01T00:00:00Z,
2009flupandemicintheUnitedKingdom,http://www.wikidata.org/entity/Q434820,2009 flu pandemic in the United Kingdom,392,2009-04-27T00:00:00Z,2009-01-01T00:00:00Z,
2017PedrógãoGrandeWildfire,http://www.wikidata.org/entity/Q30327722,2017 Pedrógão Grande Wildfire,389,2017-06-17T00:00:00Z,2017-06-24T00:00:00Z,
GreatChicagoFire,http://www.wikidata.org/entity/Q70520,Great Chicago Fire,300,1871-10-08T00:00:00Z,1871-10-10T00:00:00Z,
2016Kumamotoearthquakes,http://www.wikidata.org/entity/Q23825118,2016 Kumamoto earthquakes,267,2016-04-14T00:00:00Z,2016-04-16T00:00:00Z,
HurricaneSandy,http://www.wikidata.org/entity/Q264,Hurricane Sandy,233,2012-10-22T00:00:00Z,2012-10-31T00:00:00Z,
BlackSaturdaybushfires,http://www.wikidata.org/entity/Q838278,Black Saturday bushfires,231,2009-02-07T00:00:00Z,2009-03-14T00:00:00Z,
Q65938428,http://www.wikidata.org/entity/Q65938428,Q65938428,207,1930-09-18T00:00:00Z,1930-09-20T00:00:00Z,
1896CedarKeyshurricane,http://www.wikidata.org/entity/Q28834995,1896 Cedar Keys hurricane,202,1896-09-22T00:00:00Z,1896-09-30T00:00:00Z,
HurricaneIke,http://www.wikidata.org/entity/Q392603,Hurricane Ike,195,2008-09-01T00:00:00Z,2008-09-15T00:00:00Z,
TyphoonWanda,http://www.wikidata.org/entity/Q2183839,Typhoon Wanda,183,1962-08-27T00:00:00Z,1962-09-01T00:00:00Z,
2012KrasnodarKraifloods,http://www.wikidata.org/entity/Q1434437,2012 Krasnodar Krai floods,171,2012-07-06T00:00:00Z,2012-07-07T00:00:00Z,
GreatHavanaHurricaneof1846,http://www.wikidata.org/entity/Q5599303,Great Havana Hurricane of 1846,164,1846-10-05T00:00:00Z,1846-10-14T00:00:00Z,
HurricaneIrma,http://www.wikidata.org/entity/Q38685186,Hurricane Irma,133,2017-08-30T00:00:00Z,2017-09-12T00:00:00Z,
TropicalStormMatthew,http://www.wikidata.org/entity/Q4353265,Tropical Storm Matthew,126,2010-09-23T00:00:00Z,2010-09-28T00:00:00Z,
2018Indianduststorms,http://www.wikidata.org/entity/Q52557797,2018 Indian dust storms,125,2018-05-02T00:00:00Z,2018-05-03T00:00:00Z,
CycloneHudhud,http://www.wikidata.org/entity/Q18195808,Cyclone Hudhud,124,2014-10-07T00:00:00Z,2014-10-14T00:00:00Z,
BattleofMayIsland,http://www.wikidata.org/entity/Q1784617,Battle of May Island,104,1918-01-31T00:00:00Z,1918-02-01T00:00:00Z,
TheHolocaust,http://www.wikidata.org/entity/Q2763,The Holocaust,6000000,,,1941-01-01T00:00:00Z
ArmenianGenocide,http://www.wikidata.org/entity/Q80034,Armenian Genocide,1200000,,,1915-01-01T00:00:00Z
Greekgenocide,http://www.wikidata.org/entity/Q911233,Greek genocide,450000,,,1913-01-01T00:00:00Z
NanjingMassacre,http://www.wikidata.org/entity/Q192055,Nanjing Massacre,200000,,,1937-01-01T00:00:00Z
BodoLeaguemassacre,http://www.wikidata.org/entity/Q181289,Bodo League massacre,200000,,,1950-01-01T00:00:00Z
Intelligenzaktion,http://www.wikidata.org/entity/Q3487920,Intelligenzaktion,100000,,,1939-01-01T00:00:00Z
Manilamassacre,http://www.wikidata.org/entity/Q699787,Manila massacre,100000,,,1945-01-01T00:00:00Z
NKVDprisonermassacres,http://www.wikidata.org/entity/Q2655890,NKVD prisoner massacres,100000,,,1941-01-01T00:00:00Z
massacresofPolesinVolhyniaandEasternGalicia,http://www.wikidata.org/entity/Q695020,massacres of Poles in Volhynia and Eastern Galicia,80000,,,1942-01-01T00:00:00Z
Pontianakincidents,http://www.wikidata.org/entity/Q12504990,Pontianak incidents,50000,,,1943-01-01T00:00:00Z
IntelligenzaktionPommern,http://www.wikidata.org/entity/Q6044171,Intelligenzaktion Pommern,40000,,,1939-01-01T00:00:00Z
Kamianets-PodilskyiMassacre,http://www.wikidata.org/entity/Q481526,Kamianets-Podilskyi Massacre,23600,,,1941-01-01T00:00:00Z
Katynmassacre,http://www.wikidata.org/entity/Q134301,Katyn massacre,22000,,,1940-01-01T00:00:00Z
Hamamassacre,http://www.wikidata.org/entity/Q730878,Hama massacre,10000,,,1982-01-01T00:00:00Z
Srebrenicamassacre,http://www.wikidata.org/entity/Q170334,Srebrenica massacre,8000,,,1995-07-22T00:00:00Z
massacreofThessalonica,http://www.wikidata.org/entity/Q1155064,massacre of Thessalonica,7000,,,0390-01-01T00:00:00Z
Koriukivkamassacre,http://www.wikidata.org/entity/Q1527609,Koriukivka massacre,6700,,,1943-03-01T00:00:00Z
massacreoftheAcquiDivision,http://www.wikidata.org/entity/Q537576,massacre of the Acqui Division,5155,,,1943-09-26T00:00:00Z
1987Onsong-12prisonriot,http://www.wikidata.org/entity/Q47890072,1987 Onsong-12 prison riot,5000,,,1987-05-01T00:00:00Z
Paracuellosmassacres,http://www.wikidata.org/entity/Q2608210,Paracuellos massacres,4000,,,1936-12-01T00:00:00Z
BaChucMassacre,http://www.wikidata.org/entity/Q796398,Ba Chuc Massacre,3157,,,1978-04-18T00:00:00Z
Awa'uqMassacre,http://www.wikidata.org/entity/Q2367644,Awa'uq Massacre,3000,,,1784-08-14T00:00:00Z
September11attacks,http://www.wikidata.org/entity/Q10806,September 11 attacks,2996,,,2001-09-11T00:00:00Z
КланевГютелимахле,http://www.wikidata.org/entity/Q61984612,Клане в Гютели махле,2400,,,1877-07-14T00:00:00Z
Glinamassacres,http://www.wikidata.org/entity/Q1290410,Glina massacres,2394,,,1941-05-12T00:00:00Z
CampSpeichermassacre,http://www.wikidata.org/entity/Q17199280,Camp Speicher massacre,1600,,,2014-06-12T00:00:00Z
August2013Ghoutachemicalattack,http://www.wikidata.org/entity/Q14626794,August 2013 Ghouta chemical attack,1429,,,2013-08-21T00:00:00Z
Ագուլիսիջարդեր,http://www.wikidata.org/entity/Q86192668,Ագուլիսի ջարդեր,1400,,,1919-12-24T00:00:00Z
Ganghwamassacre,http://www.wikidata.org/entity/Q496095,Ganghwa massacre,1300,,,1951-01-06T00:00:00Z
TransportandmurderofBiałystokchildren,http://www.wikidata.org/entity/Q56685959,Transport and murder of Białystok children,1200,,,1943-01-01T00:00:00Z
ZbrodnienapacjentachwPaństwowymZakładziedlaUmysłowoiNerwowoChorychwKobierzynie,http://www.wikidata.org/entity/Q68458380,Zbrodnie na pacjentach w Państwowym Zakładzie dla Umysłowo i Nerwowo Chorych w Kobierzynie,1000,,,1942-06-23T00:00:00Z
Yelwamassacre,http://www.wikidata.org/entity/Q3297470,Yelwa massacre,1000,,,2004-01-01T00:00:00Z
Marichjhapimassacre,http://www.wikidata.org/entity/Q6762569,Marichjhapi massacre,1000,,,1979-01-01T00:00:00Z
Страшното,http://www.wikidata.org/entity/Q61118876,Страшното,800,,,1877-07-20T00:00:00Z
Marzabottomassacre,http://www.wikidata.org/entity/Q704206,Marzabotto massacre,770,,,1944-10-05T00:00:00Z
massacreofButrimonys,http://www.wikidata.org/entity/Q2441042,massacre of Butrimonys,740,,,1941-09-09T00:00:00Z
Geochangmassacre,http://www.wikidata.org/entity/Q491018,Geochang massacre,719,,,1951-02-09T00:00:00Z
Sancheong-Hamyangmassacre,http://www.wikidata.org/entity/Q496145,Sancheong-Hamyang massacre,705,,,1951-02-07T00:00:00Z
massacreofOradour-sur-Glane,http://www.wikidata.org/entity/Q836897,massacre of Oradour-sur-Glane,642,,,1944-06-10T00:00:00Z
KhojalyMassacre,http://www.wikidata.org/entity/Q218446,Khojaly Massacre,613,,,1992-02-26T00:00:00Z
Weenenmassacre,http://www.wikidata.org/entity/Q1464154,Weenen massacre,530,,,1838-02-17T00:00:00Z
MyLaiMassacre,http://www.wikidata.org/entity/Q183421,My Lai Massacre,504,,,1968-03-16T00:00:00Z
CinemaRexfire,http://www.wikidata.org/entity/Q123170,Cinema Rex fire,470,,,1978-08-19T00:00:00Z
NamyangjuMassacre,http://www.wikidata.org/entity/Q15891798,Namyangju Massacre,460,,,1950-10-01T00:00:00Z
Prkosmassacre,http://www.wikidata.org/entity/Q9388665,Prkos massacre,438,,,1941-12-21T00:00:00Z
BinhHoamassacre,http://www.wikidata.org/entity/Q497528,Binh Hoa massacre,430,,,1966-12-06T00:00:00Z
JallianwalaBaghmassacre,http://www.wikidata.org/entity/Q208855,Jallianwala Bagh massacre,379,,,1919-04-13T00:00:00Z
Indianmassacreof1622,http://www.wikidata.org/entity/Q616307,Indian massacre of 1622,347,,,1622-03-22T00:00:00Z
MejaMassacre,http://www.wikidata.org/entity/Q1136536,Meja Massacre,345,,,1999-04-28T00:00:00Z
Ardeatinemassacre,http://www.wikidata.org/entity/Q638761,Ardeatine massacre,335,,,1944-03-24T00:00:00Z
WoundedKneeMassacre,http://www.wikidata.org/entity/Q108413,Wounded Knee Massacre,300,,,1890-12-29T00:00:00Z
2016Mosulmassacre,http://www.wikidata.org/entity/Q22948704,2016 Mosul massacre,300,,,2016-02-08T00:00:00Z
SinkingofF174,http://www.wikidata.org/entity/Q3873371,Sinking of F174,283,,,1996-12-25T00:00:00Z
Lipamassacre,http://www.wikidata.org/entity/Q63351598,Lipa massacre,269,,,1944-04-30T00:00:00Z
MasakrnaŠvédskýchšancích,http://www.wikidata.org/entity/Q475581,Masakr na Švédských šancích,265,,,1945-06-18T00:00:00Z
Houlamassacre,http://www.wikidata.org/entity/Q1137013,Houla massacre,261,,,2012-05-25T00:00:00Z
PlandeSánchezmassacre,http://www.wikidata.org/entity/Q2523448,Plan de Sánchez massacre,250,,,1982-07-18T00:00:00Z
Ramnamassacre,http://www.wikidata.org/entity/Q17014905,Ramna massacre,250,,,1971-03-27T00:00:00Z
DosErresmassacre,http://www.wikidata.org/entity/Q740534,Dos Erres massacre,226,,,1982-12-06T00:00:00Z
TungchowMutiny,http://www.wikidata.org/entity/Q707956,Tungchow Mutiny,223,,,1937-07-29T00:00:00Z
Distomomassacre,http://www.wikidata.org/entity/Q688821,Distomo massacre,218,,,1944-06-10T00:00:00Z
stragediGorla,http://www.wikidata.org/entity/Q45825724,strage di Gorla,204,,,1944-10-20T00:00:00Z
Paramythiaexecutions,http://www.wikidata.org/entity/Q4390512,Paramythia executions,201,,,1943-09-01T00:00:00Z
Parismassacreof1961,http://www.wikidata.org/entity/Q200472,Paris massacre of 1961,200,,,1961-10-17T00:00:00Z
11demarzode2004,http://www.wikidata.org/entity/Q213531,11 de marzo de 2004,193,,,2004-03-11T00:00:00Z
Gudovacmassacre,http://www.wikidata.org/entity/Q5614677,Gudovac massacre,192,,,1941-04-28T00:00:00Z
Andijanmassacre,http://www.wikidata.org/entity/Q764967,Andijan massacre,187,,,2005-05-13T00:00:00Z
massacreofSochy,http://www.wikidata.org/entity/Q2436495,massacre of Sochy,185,,,1943-06-01T00:00:00Z
MasakrvMajdańskéHutě,http://www.wikidata.org/entity/Q9388641,Masakr v Majdańské Hutě,184,,,1943-07-12T00:00:00Z
DomenikonMassacre,http://www.wikidata.org/entity/Q1639150,Domenikon Massacre,175,,,1943-02-17T00:00:00Z
PadulediFucecchiomassacre,http://www.wikidata.org/entity/Q3718406,Padule di Fucecchio massacre,174,,,1944-08-23T00:00:00Z
OklahomaCitybombing,http://www.wikidata.org/entity/Q217528,Oklahoma City bombing,168,,,1995-04-19T00:00:00Z
Bulhoekmassacre,http://www.wikidata.org/entity/Q3297421,Bulhoek massacre,163,,,1921-05-24T00:00:00Z
March2019attacksagainstFulaniherders,http://www.wikidata.org/entity/Q62389968,March 2019 attacks against Fulani herders,160,,,2019-03-23T00:00:00Z
Benisheikmassacre,http://www.wikidata.org/entity/Q15410573,Benisheik massacre,159,,,2013-09-18T00:00:00Z
MassakervonPazin,http://www.wikidata.org/entity/Q74068231,Massaker von Pazin,157,,,1943-10-04T00:00:00Z
MedvedevForestmassacre,http://www.wikidata.org/entity/Q4390509,Medvedev Forest massacre,157,,,1941-09-11T00:00:00Z
Khatynmassacre,http://www.wikidata.org/entity/Q430700,Khatyn massacre,156,,,1943-03-22T00:00:00Z
GoyangGeumjeongCaveMassacre,http://www.wikidata.org/entity/Q3525320,Goyang Geumjeong Cave Massacre,153,,,1950-10-09T00:00:00Z
2015Bagamassacre,http://www.wikidata.org/entity/Q18732673,2015 Baga massacre,150,,,2015-01-07T00:00:00Z
GermanwingsFlight9525,http://www.wikidata.org/entity/Q19671417,Germanwings Flight 9525,150,,,2015-03-24T00:00:00Z
murderintheBratianForest,http://www.wikidata.org/entity/Q11785458,murder in the Bratian Forest,150,,,1939-10-15T00:00:00Z
GarissaUniversityCollegeattack,http://www.wikidata.org/entity/Q19750438,Garissa University College attack,148,,,2015-04-02T00:00:00Z
Budyonnovskhospitalhostagecrisis,http://www.wikidata.org/entity/Q1201832,Budyonnovsk hospital hostage crisis,147,,,1995-06-19T00:00:00Z
2014Peshawarschoolattack,http://www.wikidata.org/entity/Q18641076,2014 Peshawar school attack,145,,,2014-12-16T00:00:00Z
Zongmassacre,http://www.wikidata.org/entity/Q211582,Zong massacre,142,,,1781-11-29T00:00:00Z
Palawanmassacre,http://www.wikidata.org/entity/Q7126934,Palawan massacre,139,,,1944-12-14T00:00:00Z
MaidanSharattack,http://www.wikidata.org/entity/Q60774860,Maidan Shar attack,129,,,2019-01-21T00:00:00Z
Peshawarchurchbombing,http://www.wikidata.org/entity/Q14941833,Peshawar church bombing,127,,,2013-09-22T00:00:00Z
"Maratha,SantalarisandAlodamassacre",http://www.wikidata.org/entity/Q1862197,"Maratha, Santalaris and Aloda massacre",126,,,1974-08-14T00:00:00Z
MassakervonSanMartinodiLupari,http://www.wikidata.org/entity/Q60842217,Massaker von San Martino di Lupari,125,,,1945-04-29T00:00:00Z
2015KhanBaniSaadbombing,http://www.wikidata.org/entity/Q20679588,2015 Khan Bani Saad bombing,125,,,2015-07-17T00:00:00Z
Khanal-Assalmassacre,http://www.wikidata.org/entity/Q14513646,Khan al-Assal massacre,123,,,2013-07-22T00:00:00Z
Putismassacre,http://www.wikidata.org/entity/Q48723698,Putis massacre,123,,,1984-01-01T00:00:00Z
Saint-Genis-Lavalmassacre,http://www.wikidata.org/entity/Q20871346,Saint-Genis-Laval massacre,120,,,1944-08-20T00:00:00Z
PietRetiefDelegationmassacre,http://www.wikidata.org/entity/Q12815319,Piet Retief Delegation massacre,116,,,1838-02-06T00:00:00Z
GulfAirFlight771,http://www.wikidata.org/entity/Q2335758,Gulf Air Flight 771,112,,,1983-09-23T00:00:00Z
DeirYassinmassacre,http://www.wikidata.org/entity/Q1126268,Deir Yassin massacre,111,,,1948-04-09T00:00:00Z
Carandirumassacre,http://www.wikidata.org/entity/Q2341407,Carandiru massacre,111,,,1992-10-02T00:00:00Z
Vallucciolemassacre,http://www.wikidata.org/entity/Q63392172,Vallucciole massacre,108,,,1944-04-13T00:00:00Z
MasacreledelaTărcaiașiGrădinari(1919),http://www.wikidata.org/entity/Q55098324,Masacrele de la Tărcaia și Grădinari (1919),108,,,1919-04-19T00:00:00Z
